RMD_Anorexia nervosa,PT_Cognitive Behavioral Therapy,PT_Voxel-based Lesion-Symptom Mapping,PT_Selective Serotonin Reuptake Inhibitors,PT_Mood Stabilizers,PT_Mindfulness-Based Stress Reduction,PT_Brain Stimulation Technologies,PT_Personalized Medicine,PT_Brain-Computer Interface,PT_Dietary Interventions & Supplements,PT_Social Skills Training,PT_Neuroprotective Agents,PT_Eye Movement Desensitization and Reprocessing,PT_Regenerative Medicine Approaches
RMD_Antisocial Personality Disorder,PT_Mindfulness-Based Stress Reduction,PT_Personalized Medicine,PT_Dietary Interventions & Supplements,PT_Resting-state Functional Magnetic Resonance Imaging,PT_Voxel-based Lesion-Symptom Mapping,PT_Animal-Assisted Interventions,PT_Genetic Testing,PT_Stem Cell Therapy for Neurological Disorders,PT_Antidepressants,PT_Digital Health Tools,PT_Neuroprotective Agents,PT_Psychoeducation Programs,PT_Privacy-Preserving AI in Digital Mental Health,PT_Neuromodulation Techniques,PT_Cognitive Behavioral Therapy,PT_Creative Arts Therapies,PT_Neurocognitive Training,PT_Benzodiazepines,PT_Expressive Writing & Journaling,PT_Selective Serotonin Reuptake Inhibitors,PT_Psychophysiological Metrics for Treatment Response,PT_Brain Stimulation Technologies,PT_Cognitive Technologies,PT_Cognitive Enhancement Programs,PT_Eye Movement Desensitization and Reprocessing,PT_Meditation and Relaxation Techniques,PT_Neurofeedback Systems,PT_Biofeedback Devices,PT_Regenerative Medicine Approaches,PT_Digital Imaging Technologies for Brain Scanning,PT_Trauma-Focused CBT,PT_Peer Support Programs & Online Communities,PT_Virtual Reality Exposure Therapy,PT_Behavioral Activation Therapy,PT_Electroencephalography,PT_Traditional & Alternative Medicine Approaches,PT_Exposure Therapy
RMD_Autosarcophagy,PT_Meditation and Relaxation Techniques,PT_Neurocognitive Training,PT_Psychoeducation Programs,PT_Neuromodulation Techniques,PT_Animal-Assisted Interventions,PT_Expressive Writing & Journaling,PT_Resting-state Functional Magnetic Resonance Imaging,PT_Benzodiazepines,PT_Stem Cell Therapy for Neurological Disorders,PT_Cognitive Technologies,PT_Exposure Therapy,PT_Metaverse,PT_Antipsychotic Medications,PT_Digital Imaging Technologies for Brain Scanning,PT_Digital Health Tools,PT_Psychophysiological Metrics for Treatment Response,PT_Neurofeedback Systems,PT_Creative Arts Therapies,PT_Dietary Interventions & Supplements,PT_Traditional & Alternative Medicine Approaches,PT_Trauma-Focused CBT,PT_Antidepressants,PT_Eye Movement Desensitization and Reprocessing,PT_Biofeedback Devices,PT_Behavioral Activation Therapy,PT_Genetic Testing,PT_Personalized Medicine,PT_Mindfulness-Based Stress Reduction,PT_Electroencephalography,PT_Virtual Reality Exposure Therapy,PT_Privacy-Preserving AI in Digital Mental Health,PT_Voxel-based Lesion-Symptom Mapping,PT_Regenerative Medicine Approaches,PT_Brain Stimulation Technologies,PT_Neuroprotective Agents,PT_Cognitive Enhancement Programs,PT_Selective Serotonin Reuptake Inhibitors
RMD_Avoidant Personality,PT_Antidepressants,PT_Benzodiazepines,PT_Stem Cell Therapy for Neurological Disorders,PT_Privacy-Preserving AI in Digital Mental Health,PT_Trauma-Focused CBT,PT_Genetic Testing,PT_Digital Health Tools,PT_Animal-Assisted Interventions,PT_Resting-state Functional Magnetic Resonance Imaging,PT_Neurofeedback Systems,PT_Cognitive Enhancement Programs,PT_Neuromodulation Techniques,PT_Creative Arts Therapies,PT_Cognitive Technologies,PT_Digital Imaging Technologies for Brain Scanning,PT_Behavioral Activation Therapy,PT_Traditional & Alternative Medicine Approaches,PT_Neurocognitive Training,PT_Dietary Interventions & Supplements,PT_Psychophysiological Metrics for Treatment Response,PT_Biofeedback Devices,PT_Meditation and Relaxation Techniques,PT_Mindfulness-Based Stress Reduction,PT_Psychoeducation Programs,PT_Expressive Writing & Journaling,PT_Exposure Therapy,PT_Personalized Medicine,PT_Antipsychotic Medications,PT_Virtual Reality Exposure Therapy,PT_Electroencephalography,PT_Eye Movement Desensitization and Reprocessing,PT_Regenerative Medicine Approaches,PT_Brain-Computer Interface,PT_Voxel-based Lesion-Symptom Mapping,PT_Selective Serotonin Reuptake Inhibitors,PT_Peer Support Programs & Online Communities,PT_Metaverse,PT_Neuroprotective Agents,PT_Brain Stimulation Technologies
RMD_Boanthropy,PT_Resting-state Functional Magnetic Resonance Imaging,PT_Mindfulness-Based Stress Reduction,PT_Animal-Assisted Interventions,PT_Personalized Medicine,PT_Genetic Testing,PT_Privacy-Preserving AI in Digital Mental Health,PT_Digital Health Tools,PT_Neuromodulation Techniques,PT_Stem Cell Therapy for Neurological Disorders,PT_Dietary Interventions & Supplements,PT_Benzodiazepines,PT_Trauma-Focused CBT,PT_Antidepressants,PT_Creative Arts Therapies,PT_Biofeedback Devices,PT_Cognitive Enhancement Programs,PT_Traditional & Alternative Medicine Approaches,PT_Neurofeedback Systems,PT_Psychoeducation Programs,PT_Digital Imaging Technologies for Brain Scanning,PT_Cognitive Technologies,PT_Neurocognitive Training,PT_Exposure Therapy,PT_Neuroprotective Agents,PT_Voxel-based Lesion-Symptom Mapping,PT_Psychophysiological Metrics for Treatment Response,PT_Expressive Writing & Journaling,PT_Meditation and Relaxation Techniques,PT_Behavioral Activation Therapy,PT_Regenerative Medicine Approaches,PT_Peer Support Programs & Online Communities,PT_Selective Serotonin Reuptake Inhibitors,PT_Virtual Reality Exposure Therapy,PT_Eye Movement Desensitization and Reprocessing,PT_Antipsychotic Medications,PT_Brain Stimulation Technologies,PT_Electroencephalography,PT_Metaverse,PT_Cognitive Behavioral Therapy
RMD_Body Integrity Dysphoria,PT_Brain-Computer Interface,PT_Privacy-Preserving AI in Digital Mental Health,PT_Cognitive Enhancement Programs,PT_Mood Stabilizers,PT_Antidepressants,PT_Interpersonal Psychotherapy,PT_Transcranial Magnetic Stimulation
RMD_Brief Psychotic,PT_Cognitive Enhancement Programs,PT_Privacy-Preserving AI in Digital Mental Health,PT_Genetic Testing,PT_Stem Cell Therapy for Neurological Disorders,PT_Digital Imaging Technologies for Brain Scanning,PT_Biofeedback Devices,PT_Digital Health Tools,PT_Resting-state Functional Magnetic Resonance Imaging,PT_Antidepressants,PT_Animal-Assisted Interventions,PT_Cognitive Technologies,PT_Dietary Interventions & Supplements,PT_Mindfulness-Based Stress Reduction,PT_Neurocognitive Training,PT_Trauma-Focused CBT,PT_Psychophysiological Metrics for Treatment Response,PT_Neurofeedback Systems,PT_Neuromodulation Techniques,PT_Traditional & Alternative Medicine Approaches,PT_Personalized Medicine,PT_Behavioral Activation Therapy,PT_Benzodiazepines,PT_Creative Arts Therapies,PT_Eye Movement Desensitization and Reprocessing,PT_Exposure Therapy,PT_Psychoeducation Programs,PT_Selective Serotonin Reuptake Inhibitors,PT_Voxel-based Lesion-Symptom Mapping,PT_Regenerative Medicine Approaches,PT_Meditation and Relaxation Techniques,PT_Expressive Writing & Journaling,PT_Peer Support Programs & Online Communities,PT_Virtual Reality Exposure Therapy,PT_Antipsychotic Medications,PT_Brain-Computer Interface
RMD_Capgras,PT_Animal-Assisted Interventions,PT_Traditional & Alternative Medicine Approaches,PT_Benzodiazepines,PT_Resting-state Functional Magnetic Resonance Imaging,PT_Stem Cell Therapy for Neurological Disorders,PT_Digital Health Tools,PT_Neuromodulation Techniques,PT_Cognitive Technologies,PT_Exposure Therapy,PT_Neurofeedback Systems,PT_Trauma-Focused CBT,PT_Digital Imaging Technologies for Brain Scanning,PT_Antidepressants,PT_Genetic Testing,PT_Privacy-Preserving AI in Digital Mental Health,PT_Creative Arts Therapies,PT_Meditation and Relaxation Techniques,PT_Neurocognitive Training,PT_Psychoeducation Programs,PT_Biofeedback Devices,PT_Mindfulness-Based Stress Reduction,PT_Cognitive Enhancement Programs,PT_Dietary Interventions & Supplements,PT_Psychophysiological Metrics for Treatment Response,PT_Expressive Writing & Journaling,PT_Personalized Medicine,PT_Antipsychotic Medications,PT_Behavioral Activation Therapy,PT_Virtual Reality Exposure Therapy,PT_Eye Movement Desensitization and Reprocessing,PT_Regenerative Medicine Approaches,PT_Metaverse,PT_Brain Stimulation Technologies,PT_Voxel-based Lesion-Symptom Mapping,PT_Electroencephalography,PT_Selective Serotonin Reuptake Inhibitors,PT_Neuroprotective Agents,PT_Peer Support Programs & Online Communities
RMD_Childhood Disintegrative Disorder,PT_Brain-Computer Interface,PT_Mood Stabilizers,PT_Brain Stimulation Technologies,PT_Cognitive Behavioral Therapy,PT_Voxel-based Lesion-Symptom Mapping,PT_Eye Movement Desensitization and Reprocessing,PT_Dietary Interventions & Supplements
RMD_Circadian Rhythm Sleep-Wake,PT_Resting-state Functional Magnetic Resonance Imaging,PT_Digital Health Tools,PT_Animal-Assisted Interventions,PT_Genetic Testing,PT_Privacy-Preserving AI in Digital Mental Health,PT_Mindfulness-Based Stress Reduction,PT_Cognitive Enhancement Programs,PT_Antidepressants,PT_Personalized Medicine,PT_Stem Cell Therapy for Neurological Disorders,PT_Neuromodulation Techniques,PT_Biofeedback Devices,PT_Psychophysiological Metrics for Treatment Response,PT_Neurocognitive Training,PT_Dietary Interventions & Supplements,PT_Trauma-Focused CBT,PT_Neurofeedback Systems,PT_Benzodiazepines,PT_Cognitive Technologies,PT_Psychoeducation Programs,PT_Creative Arts Therapies,PT_Digital Imaging Technologies for Brain Scanning,PT_Meditation and Relaxation Techniques,PT_Traditional & Alternative Medicine Approaches,PT_Behavioral Activation Therapy,PT_Expressive Writing & Journaling,PT_Exposure Therapy,PT_Voxel-based Lesion-Symptom Mapping,PT_Peer Support Programs & Online Communities,PT_Neuroprotective Agents,PT_Selective Serotonin Reuptake Inhibitors,PT_Regenerative Medicine Approaches,PT_Eye Movement Desensitization and Reprocessing,PT_Electroencephalography,PT_Virtual Reality Exposure Therapy,PT_Antipsychotic Medications,PT_Metaverse,PT_Brain Stimulation Technologies,PT_Brain-Computer Interface,PT_Mood Stabilizers,PT_Cognitive Behavioral Therapy
RMD_Cyclothymic,PT_Cognitive Behavioral Therapy,PT_Voxel-based Lesion-Symptom Mapping,PT_Social Skills Training,PT_Mindfulness-Based Stress Reduction,PT_Selective Serotonin Reuptake Inhibitors,PT_Personalized Medicine,PT_Dietary Interventions & Supplements,PT_Brain-Computer Interface,PT_Brain Stimulation Technologies,PT_Eye Movement Desensitization and Reprocessing,PT_Mood Stabilizers,PT_Antipsychotic Medications
RMD_Delusional,PT_Privacy-Preserving AI in Digital Mental Health,PT_Cognitive Enhancement Programs,PT_Cognitive Technologies,PT_Biofeedback Devices,PT_Psychophysiological Metrics for Treatment Response,PT_Genetic Testing,PT_Traditional & Alternative Medicine Approaches,PT_Psychoeducation Programs,PT_Resting-state Functional Magnetic Resonance Imaging,PT_Neuromodulation Techniques,PT_Animal-Assisted Interventions,PT_Exposure Therapy,PT_Brain-Computer Interface,PT_Digital Health Tools,PT_Antidepressants,PT_Stem Cell Therapy for Neurological Disorders,PT_Digital Imaging Technologies for Brain Scanning,PT_Benzodiazepines,PT_Neurofeedback Systems,PT_Meditation and Relaxation Techniques,PT_Antipsychotic Medications,PT_Trauma-Focused CBT,PT_Metaverse,PT_Mood Stabilizers,PT_Neurocognitive Training,PT_Behavioral Activation Therapy,PT_Mindfulness-Based Stress Reduction,PT_Creative Arts Therapies,PT_Expressive Writing & Journaling,PT_Dietary Interventions & Supplements,PT_Peer Support Programs & Online Communities,PT_Virtual Reality Exposure Therapy,PT_Personalized Medicine,PT_Eye Movement Desensitization and Reprocessing
RMD_Dementia pugilistica,PT_Brain Stimulation Technologies,PT_Brain-Computer Interface,PT_Regenerative Medicine Approaches,PT_Selective Serotonin Reuptake Inhibitors,PT_Neuroprotective Agents,PT_Personalized Medicine,PT_Mood Stabilizers,PT_Voxel-based Lesion-Symptom Mapping,PT_Eye Movement Desensitization and Reprocessing,PT_Creative Arts Therapies,PT_Mindfulness-Based Stress Reduction,PT_Neurocognitive Training,PT_Neurofeedback Systems,PT_Traditional & Alternative Medicine Approaches,PT_Resting-state Functional Magnetic Resonance Imaging,PT_Benzodiazepines
RMD_Diogenes,PT_Neuromodulation Techniques,PT_Privacy-Preserving AI in Digital Mental Health,PT_Benzodiazepines,PT_Traditional & Alternative Medicine Approaches,PT_Antipsychotic Medications,PT_Digital Health Tools,PT_Psychoeducation Programs,PT_Animal-Assisted Interventions,PT_Resting-state Functional Magnetic Resonance Imaging,PT_Exposure Therapy,PT_Creative Arts Therapies,PT_Metaverse,PT_Neurofeedback Systems,PT_Genetic Testing,PT_Digital Imaging Technologies for Brain Scanning,PT_Cognitive Technologies,PT_Antidepressants,PT_Brain-Computer Interface,PT_Stem Cell Therapy for Neurological Disorders,PT_Cognitive Enhancement Programs,PT_Psychophysiological Metrics for Treatment Response,PT_Trauma-Focused CBT,PT_Mindfulness-Based Stress Reduction,PT_Expressive Writing & Journaling,PT_Biofeedback Devices,PT_Peer Support Programs & Online Communities,PT_Dietary Interventions & Supplements,PT_Behavioral Activation Therapy,PT_Personalized Medicine,PT_Neurocognitive Training,PT_Meditation and Relaxation Techniques,PT_Mood Stabilizers,PT_Regenerative Medicine Approaches,PT_Virtual Reality Exposure Therapy,PT_Neuroprotective Agents,PT_Electroencephalography,PT_Selective Serotonin Reuptake Inhibitors
RMD_Disinhibited Social Engagement,PT_Digital Imaging Technologies for Brain Scanning,PT_Neurocognitive Training,PT_Cognitive Enhancement Programs,PT_Cognitive Technologies,PT_Resting-state Functional Magnetic Resonance Imaging,PT_Stem Cell Therapy for Neurological Disorders,PT_Animal-Assisted Interventions,PT_Antidepressants,PT_Biofeedback Devices,PT_Mindfulness-Based Stress Reduction,PT_Dietary Interventions & Supplements,PT_Privacy-Preserving AI in Digital Mental Health,PT_Digital Health Tools,PT_Trauma-Focused CBT,PT_Genetic Testing,PT_Neurofeedback Systems,PT_Psychophysiological Metrics for Treatment Response,PT_Neuromodulation Techniques,PT_Regenerative Medicine Approaches,PT_Personalized Medicine,PT_Benzodiazepines,PT_Eye Movement Desensitization and Reprocessing,PT_Meditation and Relaxation Techniques,PT_Psychoeducation Programs,PT_Traditional & Alternative Medicine Approaches,PT_Selective Serotonin Reuptake Inhibitors,PT_Creative Arts Therapies,PT_Expressive Writing & Journaling,PT_Voxel-based Lesion-Symptom Mapping,PT_Brain Stimulation Technologies,PT_Exposure Therapy,PT_Behavioral Activation Therapy,PT_Virtual Reality Exposure Therapy,PT_Electroencephalography,PT_Neuroprotective Agents,PT_Antipsychotic Medications,PT_Metaverse
RMD_Dissociative Fugue,PT_Antidepressants,PT_Digital Health Tools,PT_Animal-Assisted Interventions,PT_Trauma-Focused CBT,PT_Stem Cell Therapy for Neurological Disorders,PT_Benzodiazepines,PT_Creative Arts Therapies,PT_Genetic Testing,PT_Resting-state Functional Magnetic Resonance Imaging,PT_Neuromodulation Techniques,PT_Privacy-Preserving AI in Digital Mental Health,PT_Neurofeedback Systems,PT_Traditional & Alternative Medicine Approaches,PT_Cognitive Enhancement Programs,PT_Behavioral Activation Therapy,PT_Expressive Writing & Journaling,PT_Dietary Interventions & Supplements,PT_Cognitive Technologies,PT_Mindfulness-Based Stress Reduction,PT_Meditation and Relaxation Techniques,PT_Digital Imaging Technologies for Brain Scanning,PT_Biofeedback Devices,PT_Psychophysiological Metrics for Treatment Response,PT_Neurocognitive Training,PT_Psychoeducation Programs,PT_Exposure Therapy,PT_Personalized Medicine,PT_Virtual Reality Exposure Therapy,PT_Eye Movement Desensitization and Reprocessing,PT_Regenerative Medicine Approaches,PT_Antipsychotic Medications,PT_Electroencephalography,PT_Voxel-based Lesion-Symptom Mapping,PT_Brain Stimulation Technologies,PT_Brain-Computer Interface,PT_Peer Support Programs & Online Communities,PT_Neuroprotective Agents,PT_Selective Serotonin Reuptake Inhibitors,PT_Metaverse
RMD_Ekbom,PT_Digital Health Tools,PT_Psychophysiological Metrics for Treatment Response,PT_Privacy-Preserving AI in Digital Mental Health,PT_Expressive Writing & Journaling,PT_Mood Stabilizers,PT_Brain-Computer Interface,PT_Creative Arts Therapies,PT_Animal-Assisted Interventions,PT_Neuromodulation Techniques,PT_Psychoeducation Programs,PT_Meditation and Relaxation Techniques,PT_Resting-state Functional Magnetic Resonance Imaging,PT_Exposure Therapy,PT_Behavioral Activation Therapy,PT_Cognitive Technologies,PT_Antidepressants,PT_Benzodiazepines,PT_Stem Cell Therapy for Neurological Disorders,PT_Genetic Testing,PT_Trauma-Focused CBT,PT_Virtual Reality Exposure Therapy,PT_Antipsychotic Medications,PT_Traditional & Alternative Medicine Approaches,PT_Cognitive Enhancement Programs,PT_Biofeedback Devices,PT_Neurofeedback Systems,PT_Peer Support Programs & Online Communities,PT_Digital Imaging Technologies for Brain Scanning,PT_Metaverse,PT_Mindfulness-Based Stress Reduction,PT_Dietary Interventions & Supplements,PT_Neurocognitive Training,PT_Electroencephalography
RMD_Erotomanic,PT_Metaverse,PT_Antipsychotic Medications,PT_Brain-Computer Interface,PT_Transcranial Magnetic Stimulation,PT_Cognitive Behavioral Therapy,PT_Mood Stabilizers,PT_Social Skills Training,PT_Exposure Therapy,PT_Brain Stimulation Technologies,PT_Traditional & Alternative Medicine Approaches,PT_Benzodiazepines
RMD_Factitious,PT_Antidepressants,PT_Brain-Computer Interface,PT_Privacy-Preserving AI in Digital Mental Health,PT_Digital Health Tools,PT_Expressive Writing & Journaling,PT_Mood Stabilizers,PT_Psychophysiological Metrics for Treatment Response,PT_Behavioral Activation Therapy,PT_Benzodiazepines,PT_Stem Cell Therapy for Neurological Disorders,PT_Animal-Assisted Interventions,PT_Neuromodulation Techniques,PT_Cognitive Enhancement Programs,PT_Electroencephalography,PT_Creative Arts Therapies,PT_Genetic Testing,PT_Trauma-Focused CBT,PT_Psychoeducation Programs,PT_Neurofeedback Systems,PT_Resting-state Functional Magnetic Resonance Imaging,PT_Meditation and Relaxation Techniques,PT_Digital Imaging Technologies for Brain Scanning,PT_Cognitive Technologies,PT_Peer Support Programs & Online Communities,PT_Exposure Therapy,PT_Traditional & Alternative Medicine Approaches,PT_Dietary Interventions & Supplements,PT_Antipsychotic Medications,PT_Interpersonal Psychotherapy,PT_Neurocognitive Training,PT_Biofeedback Devices
RMD_Fregoli Delusion,PT_Peer Support Programs & Online Communities,PT_Cognitive Behavioral Therapy,PT_Personalized Medicine,PT_Mindfulness-Based Stress Reduction,PT_Neuroprotective Agents
RMD_Ganser,PT_Brain Stimulation Technologies,PT_Creative Arts Therapies,PT_Traditional & Alternative Medicine Approaches,PT_Benzodiazepines,PT_Regenerative Medicine Approaches,PT_Meditation and Relaxation Techniques,PT_Virtual Reality Exposure Therapy,PT_Expressive Writing & Journaling,PT_Exposure Therapy,PT_Neurofeedback Systems,PT_Digital Health Tools,PT_Eye Movement Desensitization and Reprocessing,PT_Trauma-Focused CBT,PT_Antipsychotic Medications,PT_Cognitive Technologies,PT_Animal-Assisted Interventions
RMD_Hallucinogen-Induced Psychotic,PT_Animal-Assisted Interventions,PT_Digital Health Tools,PT_Resting-state Functional Magnetic Resonance Imaging,PT_Stem Cell Therapy for Neurological Disorders,PT_Neuromodulation Techniques,PT_Benzodiazepines,PT_Genetic Testing,PT_Creative Arts Therapies,PT_Trauma-Focused CBT,PT_Traditional & Alternative Medicine Approaches,PT_Antidepressants,PT_Cognitive Technologies,PT_Privacy-Preserving AI in Digital Mental Health,PT_Meditation and Relaxation Techniques,PT_Biofeedback Devices,PT_Neurofeedback Systems,PT_Exposure Therapy,PT_Neurocognitive Training,PT_Psychoeducation Programs,PT_Dietary Interventions & Supplements,PT_Mindfulness-Based Stress Reduction,PT_Digital Imaging Technologies for Brain Scanning,PT_Expressive Writing & Journaling,PT_Cognitive Enhancement Programs,PT_Psychophysiological Metrics for Treatment Response,PT_Behavioral Activation Therapy,PT_Personalized Medicine,PT_Antipsychotic Medications,PT_Eye Movement Desensitization and Reprocessing,PT_Virtual Reality Exposure Therapy,PT_Regenerative Medicine Approaches,PT_Metaverse,PT_Voxel-based Lesion-Symptom Mapping,PT_Neuroprotective Agents,PT_Brain Stimulation Technologies,PT_Selective Serotonin Reuptake Inhibitors,PT_Electroencephalography,PT_Peer Support Programs & Online Communities,PT_Brain-Computer Interface
RMD_Histrionic Personality,PT_Benzodiazepines,PT_Neuromodulation Techniques,PT_Creative Arts Therapies,PT_Resting-state Functional Magnetic Resonance Imaging,PT_Animal-Assisted Interventions,PT_Traditional & Alternative Medicine Approaches,PT_Antidepressants,PT_Stem Cell Therapy for Neurological Disorders,PT_Digital Health Tools,PT_Genetic Testing,PT_Trauma-Focused CBT,PT_Neurofeedback Systems,PT_Meditation and Relaxation Techniques,PT_Psychoeducation Programs,PT_Privacy-Preserving AI in Digital Mental Health,PT_Cognitive Technologies,PT_Behavioral Activation Therapy,PT_Mindfulness-Based Stress Reduction,PT_Expressive Writing & Journaling,PT_Exposure Therapy,PT_Antipsychotic Medications,PT_Personalized Medicine,PT_Biofeedback Devices,PT_Dietary Interventions & Supplements,PT_Neurocognitive Training,PT_Digital Imaging Technologies for Brain Scanning,PT_Psychophysiological Metrics for Treatment Response,PT_Cognitive Enhancement Programs,PT_Regenerative Medicine Approaches,PT_Neuroprotective Agents,PT_Virtual Reality Exposure Therapy,PT_Eye Movement Desensitization and Reprocessing,PT_Metaverse,PT_Voxel-based Lesion-Symptom Mapping,PT_Brain Stimulation Technologies,PT_Electroencephalography,PT_Peer Support Programs & Online Communities,PT_Selective Serotonin Reuptake Inhibitors,PT_Brain-Computer Interface
RMD_Hypergraphia,PT_Mindfulness-Based Stress Reduction,PT_Personalized Medicine,PT_Voxel-based Lesion-Symptom Mapping,PT_Selective Serotonin Reuptake Inhibitors,PT_Dietary Interventions & Supplements,PT_Cognitive Behavioral Therapy,PT_Neuroprotective Agents,PT_Resting-state Functional Magnetic Resonance Imaging,PT_Brain Stimulation Technologies,PT_Regenerative Medicine Approaches,PT_Digital Imaging Technologies for Brain Scanning,PT_Eye Movement Desensitization and Reprocessing,PT_Genetic Testing,PT_Stem Cell Therapy for Neurological Disorders,PT_Animal-Assisted Interventions,PT_Neuromodulation Techniques,PT_Cognitive Enhancement Programs,PT_Biofeedback Devices,PT_Neurocognitive Training,PT_Neurofeedback Systems,PT_Cognitive Technologies,PT_Privacy-Preserving AI in Digital Mental Health,PT_Creative Arts Therapies,PT_Traditional & Alternative Medicine Approaches,PT_Social Skills Training,PT_Digital Health Tools,PT_Psychoeducation Programs,PT_Antidepressants,PT_Benzodiazepines,PT_Trauma-Focused CBT,PT_Peer Support Programs & Online Communities,PT_Meditation and Relaxation Techniques
RMD_Hyperthymesia,PT_Neurocognitive Training,PT_Cognitive Technologies,PT_Biofeedback Devices,PT_Stem Cell Therapy for Neurological Disorders,PT_Digital Health Tools,PT_Animal-Assisted Interventions,PT_Trauma-Focused CBT,PT_Cognitive Enhancement Programs,PT_Genetic Testing,PT_Resting-state Functional Magnetic Resonance Imaging,PT_Neurofeedback Systems,PT_Eye Movement Desensitization and Reprocessing,PT_Dietary Interventions & Supplements,PT_Meditation and Relaxation Techniques,PT_Traditional & Alternative Medicine Approaches,PT_Antidepressants,PT_Digital Imaging Technologies for Brain Scanning,PT_Creative Arts Therapies,PT_Neuromodulation Techniques,PT_Benzodiazepines,PT_Psychophysiological Metrics for Treatment Response,PT_Mindfulness-Based Stress Reduction,PT_Brain Stimulation Technologies,PT_Behavioral Activation Therapy,PT_Personalized Medicine,PT_Privacy-Preserving AI in Digital Mental Health,PT_Exposure Therapy,PT_Expressive Writing & Journaling,PT_Regenerative Medicine Approaches,PT_Psychoeducation Programs,PT_Voxel-based Lesion-Symptom Mapping,PT_Selective Serotonin Reuptake Inhibitors,PT_Virtual Reality Exposure Therapy,PT_Antipsychotic Medications,PT_Metaverse,PT_Neuroprotective Agents
RMD_Impulse Control,PT_Antipsychotic Medications,PT_Metaverse,PT_Brain-Computer Interface,PT_Neuromodulation Techniques,PT_Benzodiazepines,PT_Traditional & Alternative Medicine Approaches,PT_Exposure Therapy,PT_Privacy-Preserving AI in Digital Mental Health,PT_Psychoeducation Programs,PT_Mood Stabilizers,PT_Digital Health Tools,PT_Creative Arts Therapies,PT_Animal-Assisted Interventions,PT_Neurofeedback Systems,PT_Behavioral Activation Therapy,PT_Digital Imaging Technologies for Brain Scanning,PT_Resting-state Functional Magnetic Resonance Imaging,PT_Genetic Testing,PT_Social Skills Training,PT_Stem Cell Therapy for Neurological Disorders,PT_Cognitive Technologies
RMD_Intermetamorphosis,PT_Benzodiazepines,PT_Antidepressants,PT_Neurofeedback Systems,PT_Animal-Assisted Interventions,PT_Resting-state Functional Magnetic Resonance Imaging,PT_Stem Cell Therapy for Neurological Disorders,PT_Genetic Testing,PT_Digital Health Tools,PT_Neuromodulation Techniques,PT_Dietary Interventions & Supplements,PT_Privacy-Preserving AI in Digital Mental Health,PT_Trauma-Focused CBT,PT_Digital Imaging Technologies for Brain Scanning,PT_Exposure Therapy,PT_Psychoeducation Programs,PT_Creative Arts Therapies,PT_Traditional & Alternative Medicine Approaches,PT_Mindfulness-Based Stress Reduction,PT_Neurocognitive Training,PT_Meditation and Relaxation Techniques,PT_Cognitive Technologies,PT_Personalized Medicine,PT_Antipsychotic Medications,PT_Psychophysiological Metrics for Treatment Response,PT_Behavioral Activation Therapy,PT_Expressive Writing & Journaling,PT_Electroencephalography,PT_Cognitive Enhancement Programs,PT_Virtual Reality Exposure Therapy,PT_Biofeedback Devices,PT_Metaverse,PT_Neuroprotective Agents,PT_Regenerative Medicine Approaches,PT_Eye Movement Desensitization and Reprocessing,PT_Voxel-based Lesion-Symptom Mapping,PT_Selective Serotonin Reuptake Inhibitors,PT_Peer Support Programs & Online Communities,PT_Brain Stimulation Technologies,PT_Brain-Computer Interface
RMD_Kleine-Levin,PT_Animal-Assisted Interventions,PT_Resting-state Functional Magnetic Resonance Imaging,PT_Digital Health Tools,PT_Neuromodulation Techniques,PT_Benzodiazepines,PT_Stem Cell Therapy for Neurological Disorders,PT_Genetic Testing,PT_Antidepressants,PT_Traditional & Alternative Medicine Approaches,PT_Trauma-Focused CBT,PT_Creative Arts Therapies,PT_Privacy-Preserving AI in Digital Mental Health,PT_Neurofeedback Systems,PT_Psychoeducation Programs,PT_Cognitive Technologies,PT_Exposure Therapy,PT_Neurocognitive Training,PT_Meditation and Relaxation Techniques,PT_Mindfulness-Based Stress Reduction,PT_Psychophysiological Metrics for Treatment Response,PT_Biofeedback Devices,PT_Digital Imaging Technologies for Brain Scanning,PT_Cognitive Enhancement Programs,PT_Dietary Interventions & Supplements,PT_Expressive Writing & Journaling,PT_Personalized Medicine,PT_Behavioral Activation Therapy,PT_Antipsychotic Medications,PT_Regenerative Medicine Approaches,PT_Metaverse,PT_Eye Movement Desensitization and Reprocessing,PT_Virtual Reality Exposure Therapy,PT_Voxel-based Lesion-Symptom Mapping,PT_Neuroprotective Agents,PT_Selective Serotonin Reuptake Inhibitors,PT_Brain Stimulation Technologies,PT_Electroencephalography,PT_Peer Support Programs & Online Communities,PT_Brain-Computer Interface
RMD_Kleptomania,PT_Brain-Computer Interface,PT_Antidepressants,PT_Benzodiazepines,PT_Privacy-Preserving AI in Digital Mental Health,PT_Psychoeducation Programs,PT_Interpersonal Psychotherapy,PT_Expressive Writing & Journaling,PT_Antipsychotic Medications,PT_Neurofeedback Systems,PT_Stem Cell Therapy for Neurological Disorders,PT_Psychophysiological Metrics for Treatment Response,PT_Animal-Assisted Interventions,PT_Traditional & Alternative Medicine Approaches,PT_Neuromodulation Techniques,PT_Digital Health Tools,PT_Genetic Testing,PT_Electroencephalography,PT_Cognitive Technologies,PT_Behavioral Activation Therapy,PT_Cognitive Enhancement Programs,PT_Creative Arts Therapies,PT_Mood Stabilizers,PT_Meditation and Relaxation Techniques,PT_Trauma-Focused CBT,PT_Resting-state Functional Magnetic Resonance Imaging
RMD_Landau-Kleffner,PT_Regenerative Medicine Approaches,PT_Creative Arts Therapies,PT_Brain Stimulation Technologies,PT_Trauma-Focused CBT,PT_Meditation and Relaxation Techniques
RMD_Narcissistic Personality,PT_Dietary Interventions & Supplements,PT_Personalized Medicine,PT_Behavioral Activation Therapy,PT_Voxel-based Lesion-Symptom Mapping,PT_Neuromodulation Techniques,PT_Animal-Assisted Interventions,PT_Peer Support Programs & Online Communities,PT_Resting-state Functional Magnetic Resonance Imaging,PT_Mindfulness-Based Stress Reduction,PT_Benzodiazepines,PT_Creative Arts Therapies,PT_Genetic Testing,PT_Stem Cell Therapy for Neurological Disorders,PT_Neuroprotective Agents,PT_Expressive Writing & Journaling,PT_Meditation and Relaxation Techniques,PT_Antidepressants,PT_Psychoeducation Programs,PT_Electroencephalography,PT_Digital Health Tools,PT_Cognitive Behavioral Therapy,PT_Virtual Reality Exposure Therapy,PT_Trauma-Focused CBT,PT_Neurofeedback Systems,PT_Antipsychotic Medications,PT_Neurocognitive Training,PT_Privacy-Preserving AI in Digital Mental Health,PT_Exposure Therapy,PT_Eye Movement Desensitization and Reprocessing,PT_Traditional & Alternative Medicine Approaches,PT_Metaverse,PT_Biofeedback Devices,PT_Brain Stimulation Technologies,PT_Digital Imaging Technologies for Brain Scanning,PT_Psychophysiological Metrics for Treatment Response,PT_Cognitive Technologies
RMD_Olfactory Reference,PT_Cognitive Technologies,PT_Stem Cell Therapy for Neurological Disorders,PT_Eye Movement Desensitization and Reprocessing,PT_Neurocognitive Training,PT_Digital Health Tools,PT_Trauma-Focused CBT,PT_Brain Stimulation Technologies,PT_Biofeedback Devices,PT_Animal-Assisted Interventions,PT_Creative Arts Therapies,PT_Traditional & Alternative Medicine Approaches,PT_Resting-state Functional Magnetic Resonance Imaging,PT_Digital Imaging Technologies for Brain Scanning,PT_Meditation and Relaxation Techniques,PT_Regenerative Medicine Approaches,PT_Dietary Interventions & Supplements,PT_Antidepressants,PT_Cognitive Enhancement Programs,PT_Genetic Testing,PT_Neuromodulation Techniques,PT_Benzodiazepines,PT_Neurofeedback Systems,PT_Mindfulness-Based Stress Reduction,PT_Psychophysiological Metrics for Treatment Response,PT_Expressive Writing & Journaling,PT_Personalized Medicine,PT_Exposure Therapy,PT_Behavioral Activation Therapy,PT_Virtual Reality Exposure Therapy,PT_Privacy-Preserving AI in Digital Mental Health,PT_Selective Serotonin Reuptake Inhibitors,PT_Voxel-based Lesion-Symptom Mapping,PT_Psychoeducation Programs,PT_Antipsychotic Medications,PT_Neuroprotective Agents
RMD_Othello,PT_Personalized Medicine,PT_Neuroprotective Agents,PT_Mindfulness-Based Stress Reduction,PT_Resting-state Functional Magnetic Resonance Imaging,PT_Voxel-based Lesion-Symptom Mapping,PT_Animal-Assisted Interventions,PT_Neuromodulation Techniques,PT_Stem Cell Therapy for Neurological Disorders,PT_Dietary Interventions & Supplements,PT_Genetic Testing,PT_Psychoeducation Programs,PT_Creative Arts Therapies,PT_Selective Serotonin Reuptake Inhibitors,PT_Meditation and Relaxation Techniques,PT_Benzodiazepines,PT_Digital Health Tools,PT_Regenerative Medicine Approaches,PT_Expressive Writing & Journaling,PT_Digital Imaging Technologies for Brain Scanning,PT_Privacy-Preserving AI in Digital Mental Health,PT_Neurocognitive Training,PT_Peer Support Programs & Online Communities,PT_Trauma-Focused CBT,PT_Neurofeedback Systems,PT_Electroencephalography,PT_Brain Stimulation Technologies,PT_Antidepressants,PT_Exposure Therapy,PT_Biofeedback Devices,PT_Traditional & Alternative Medicine Approaches,PT_Behavioral Activation Therapy,PT_Cognitive Behavioral Therapy,PT_Virtual Reality Exposure Therapy,PT_Cognitive Technologies,PT_Psychophysiological Metrics for Treatment Response,PT_Metaverse,PT_Eye Movement Desensitization and Reprocessing,PT_Cognitive Enhancement Programs,PT_Antipsychotic Medications
RMD_Palilalia,PT_Animal-Assisted Interventions,PT_Neuromodulation Techniques,PT_Benzodiazepines,PT_Digital Health Tools,PT_Resting-state Functional Magnetic Resonance Imaging,PT_Traditional & Alternative Medicine Approaches,PT_Creative Arts Therapies,PT_Stem Cell Therapy for Neurological Disorders,PT_Genetic Testing,PT_Antidepressants,PT_Psychoeducation Programs,PT_Exposure Therapy,PT_Trauma-Focused CBT,PT_Neurofeedback Systems,PT_Cognitive Technologies,PT_Meditation and Relaxation Techniques,PT_Privacy-Preserving AI in Digital Mental Health,PT_Expressive Writing & Journaling,PT_Neurocognitive Training,PT_Psychophysiological Metrics for Treatment Response,PT_Mindfulness-Based Stress Reduction,PT_Biofeedback Devices,PT_Digital Imaging Technologies for Brain Scanning,PT_Dietary Interventions & Supplements,PT_Cognitive Enhancement Programs,PT_Behavioral Activation Therapy,PT_Antipsychotic Medications,PT_Personalized Medicine,PT_Metaverse,PT_Virtual Reality Exposure Therapy,PT_Eye Movement Desensitization and Reprocessing,PT_Regenerative Medicine Approaches,PT_Voxel-based Lesion-Symptom Mapping,PT_Neuroprotective Agents,PT_Brain Stimulation Technologies,PT_Selective Serotonin Reuptake Inhibitors,PT_Electroencephalography,PT_Peer Support Programs & Online Communities,PT_Brain-Computer Interface
RMD_Paramnesia,PT_Stem Cell Therapy for Neurological Disorders,PT_Animal-Assisted Interventions,PT_Resting-state Functional Magnetic Resonance Imaging,PT_Digital Health Tools,PT_Antidepressants,PT_Genetic Testing,PT_Neurocognitive Training,PT_Neuromodulation Techniques,PT_Digital Imaging Technologies for Brain Scanning,PT_Cognitive Technologies,PT_Trauma-Focused CBT,PT_Benzodiazepines,PT_Creative Arts Therapies,PT_Biofeedback Devices,PT_Cognitive Enhancement Programs,PT_Privacy-Preserving AI in Digital Mental Health,PT_Psychophysiological Metrics for Treatment Response,PT_Dietary Interventions & Supplements,PT_Meditation and Relaxation Techniques,PT_Neurofeedback Systems,PT_Expressive Writing & Journaling,PT_Traditional & Alternative Medicine Approaches,PT_Behavioral Activation Therapy,PT_Mindfulness-Based Stress Reduction,PT_Psychoeducation Programs,PT_Eye Movement Desensitization and Reprocessing,PT_Exposure Therapy,PT_Personalized Medicine,PT_Voxel-based Lesion-Symptom Mapping,PT_Antipsychotic Medications,PT_Regenerative Medicine Approaches,PT_Virtual Reality Exposure Therapy,PT_Selective Serotonin Reuptake Inhibitors,PT_Metaverse,PT_Brain Stimulation Technologies,PT_Neuroprotective Agents,PT_Electroencephalography,PT_Peer Support Programs & Online Communities
RMD_Postpartum Psychosis,PT_Antidepressants,PT_Privacy-Preserving AI in Digital Mental Health,PT_Cognitive Enhancement Programs,PT_Stem Cell Therapy for Neurological Disorders,PT_Digital Health Tools,PT_Genetic Testing,PT_Animal-Assisted Interventions,PT_Behavioral Activation Therapy,PT_Resting-state Functional Magnetic Resonance Imaging,PT_Trauma-Focused CBT,PT_Benzodiazepines,PT_Neuromodulation Techniques,PT_Neurofeedback Systems,PT_Digital Imaging Technologies for Brain Scanning,PT_Cognitive Technologies,PT_Biofeedback Devices,PT_Dietary Interventions & Supplements,PT_Neurocognitive Training,PT_Psychophysiological Metrics for Treatment Response,PT_Expressive Writing & Journaling,PT_Meditation and Relaxation Techniques,PT_Creative Arts Therapies,PT_Mindfulness-Based Stress Reduction,PT_Traditional & Alternative Medicine Approaches,PT_Psychoeducation Programs,PT_Brain-Computer Interface,PT_Electroencephalography,PT_Exposure Therapy,PT_Personalized Medicine,PT_Antipsychotic Medications,PT_Eye Movement Desensitization and Reprocessing,PT_Peer Support Programs & Online Communities,PT_Mood Stabilizers,PT_Virtual Reality Exposure Therapy,PT_Regenerative Medicine Approaches,PT_Selective Serotonin Reuptake Inhibitors,PT_Voxel-based Lesion-Symptom Mapping,PT_Interpersonal Psychotherapy,PT_Neuroprotective Agents
RMD_Psychogenic Amnesia,PT_Digital Health Tools,PT_Stem Cell Therapy for Neurological Disorders,PT_Antidepressants,PT_Animal-Assisted Interventions,PT_Privacy-Preserving AI in Digital Mental Health,PT_Resting-state Functional Magnetic Resonance Imaging,PT_Psychophysiological Metrics for Treatment Response,PT_Neuromodulation Techniques,PT_Cognitive Enhancement Programs,PT_Expressive Writing & Journaling,PT_Creative Arts Therapies,PT_Cognitive Technologies,PT_Benzodiazepines,PT_Genetic Testing,PT_Trauma-Focused CBT,PT_Biofeedback Devices,PT_Behavioral Activation Therapy,PT_Psychoeducation Programs,PT_Digital Imaging Technologies for Brain Scanning,PT_Dietary Interventions & Supplements,PT_Neurocognitive Training,PT_Neurofeedback Systems,PT_Mindfulness-Based Stress Reduction,PT_Traditional & Alternative Medicine Approaches,PT_Meditation and Relaxation Techniques,PT_Exposure Therapy,PT_Personalized Medicine,PT_Antipsychotic Medications,PT_Eye Movement Desensitization and Reprocessing,PT_Regenerative Medicine Approaches,PT_Voxel-based Lesion-Symptom Mapping,PT_Electroencephalography,PT_Brain-Computer Interface,PT_Peer Support Programs & Online Communities,PT_Virtual Reality Exposure Therapy,PT_Metaverse,PT_Selective Serotonin Reuptake Inhibitors,PT_Neuroprotective Agents,PT_Brain Stimulation Technologies,PT_Mood Stabilizers,PT_Interpersonal Psychotherapy
RMD_Pyromania,PT_Voxel-based Lesion-Symptom Mapping,PT_Cognitive Behavioral Therapy,PT_Mindfulness-Based Stress Reduction
RMD_Reactive Attachment,PT_Meditation and Relaxation Techniques,PT_Neurocognitive Training,PT_Brain Stimulation Technologies,PT_Expressive Writing & Journaling,PT_Eye Movement Desensitization and Reprocessing,PT_Trauma-Focused CBT,PT_Exposure Therapy,PT_Animal-Assisted Interventions,PT_Creative Arts Therapies,PT_Biofeedback Devices,PT_Stem Cell Therapy for Neurological Disorders,PT_Metaverse,PT_Virtual Reality Exposure Therapy,PT_Behavioral Activation Therapy,PT_Traditional & Alternative Medicine Approaches,PT_Cognitive Technologies,PT_Digital Health Tools,PT_Antipsychotic Medications,PT_Benzodiazepines,PT_Neuromodulation Techniques,PT_Psychoeducation Programs,PT_Voxel-based Lesion-Symptom Mapping,PT_Neurofeedback Systems,PT_Resting-state Functional Magnetic Resonance Imaging,PT_Psychophysiological Metrics for Treatment Response,PT_Regenerative Medicine Approaches,PT_Dietary Interventions & Supplements,PT_Digital Imaging Technologies for Brain Scanning,PT_Antidepressants
RMD_Reduplicative Paramnesia,PT_Interpersonal Psychotherapy,PT_Antidepressants
RMD_Rumination,PT_Antidepressants,PT_Stem Cell Therapy for Neurological Disorders,PT_Digital Health Tools,PT_Privacy-Preserving AI in Digital Mental Health,PT_Animal-Assisted Interventions,PT_Resting-state Functional Magnetic Resonance Imaging,PT_Behavioral Activation Therapy,PT_Benzodiazepines,PT_Cognitive Enhancement Programs,PT_Genetic Testing,PT_Neuromodulation Techniques,PT_Cognitive Technologies,PT_Trauma-Focused CBT,PT_Psychophysiological Metrics for Treatment Response,PT_Neurocognitive Training,PT_Neurofeedback Systems,PT_Creative Arts Therapies,PT_Digital Imaging Technologies for Brain Scanning,PT_Dietary Interventions & Supplements,PT_Meditation and Relaxation Techniques,PT_Expressive Writing & Journaling,PT_Biofeedback Devices,PT_Mindfulness-Based Stress Reduction,PT_Traditional & Alternative Medicine Approaches,PT_Psychoeducation Programs,PT_Personalized Medicine,PT_Exposure Therapy,PT_Eye Movement Desensitization and Reprocessing,PT_Electroencephalography,PT_Antipsychotic Medications,PT_Virtual Reality Exposure Therapy,PT_Regenerative Medicine Approaches,PT_Voxel-based Lesion-Symptom Mapping,PT_Selective Serotonin Reuptake Inhibitors,PT_Brain Stimulation Technologies,PT_Brain-Computer Interface,PT_Peer Support Programs & Online Communities,PT_Neuroprotective Agents,PT_Metaverse,PT_Interpersonal Psychotherapy,PT_Mood Stabilizers
RMD_Savant,PT_Virtual Reality Exposure Therapy,PT_Digital Health Tools,PT_Animal-Assisted Interventions,PT_Traditional & Alternative Medicine Approaches,PT_Cognitive Technologies,PT_Creative Arts Therapies,PT_Psychophysiological Metrics for Treatment Response,PT_Exposure Therapy,PT_Dietary Interventions & Supplements,PT_Benzodiazepines,PT_Neuromodulation Techniques,PT_Eye Movement Desensitization and Reprocessing,PT_Mindfulness-Based Stress Reduction,PT_Neurofeedback Systems,PT_Brain Stimulation Technologies,PT_Biofeedback Devices,PT_Genetic Testing,PT_Privacy-Preserving AI in Digital Mental Health,PT_Trauma-Focused CBT,PT_Antidepressants,PT_Resting-state Functional Magnetic Resonance Imaging,PT_Psychoeducation Programs,PT_Expressive Writing & Journaling
RMD_Schizoaffective,PT_Antidepressants,PT_Privacy-Preserving AI in Digital Mental Health,PT_Digital Health Tools,PT_Benzodiazepines,PT_Stem Cell Therapy for Neurological Disorders,PT_Animal-Assisted Interventions,PT_Cognitive Enhancement Programs,PT_Neurofeedback Systems,PT_Genetic Testing,PT_Trauma-Focused CBT,PT_Neuromodulation Techniques,PT_Resting-state Functional Magnetic Resonance Imaging,PT_Creative Arts Therapies,PT_Psychophysiological Metrics for Treatment Response,PT_Behavioral Activation Therapy,PT_Expressive Writing & Journaling,PT_Brain-Computer Interface,PT_Traditional & Alternative Medicine Approaches,PT_Cognitive Technologies,PT_Psychoeducation Programs,PT_Digital Imaging Technologies for Brain Scanning,PT_Meditation and Relaxation Techniques,PT_Dietary Interventions & Supplements,PT_Biofeedback Devices,PT_Exposure Therapy,PT_Mindfulness-Based Stress Reduction,PT_Neurocognitive Training,PT_Electroencephalography,PT_Antipsychotic Medications,PT_Peer Support Programs & Online Communities,PT_Personalized Medicine,PT_Virtual Reality Exposure Therapy,PT_Mood Stabilizers,PT_Regenerative Medicine Approaches,PT_Eye Movement Desensitization and Reprocessing,PT_Interpersonal Psychotherapy
RMD_Schizotypal Personality,PT_Antidepressants,PT_Privacy-Preserving AI in Digital Mental Health,PT_Cognitive Enhancement Programs,PT_Digital Health Tools,PT_Stem Cell Therapy for Neurological Disorders,PT_Genetic Testing,PT_Trauma-Focused CBT,PT_Animal-Assisted Interventions,PT_Resting-state Functional Magnetic Resonance Imaging,PT_Benzodiazepines,PT_Psychophysiological Metrics for Treatment Response,PT_Digital Imaging Technologies for Brain Scanning,PT_Cognitive Technologies,PT_Neurofeedback Systems,PT_Behavioral Activation Therapy,PT_Neuromodulation Techniques,PT_Biofeedback Devices,PT_Neurocognitive Training,PT_Dietary Interventions & Supplements,PT_Creative Arts Therapies,PT_Traditional & Alternative Medicine Approaches,PT_Brain-Computer Interface,PT_Mindfulness-Based Stress Reduction,PT_Expressive Writing & Journaling,PT_Psychoeducation Programs,PT_Meditation and Relaxation Techniques,PT_Exposure Therapy,PT_Personalized Medicine,PT_Electroencephalography,PT_Antipsychotic Medications,PT_Peer Support Programs & Online Communities,PT_Mood Stabilizers,PT_Eye Movement Desensitization and Reprocessing,PT_Virtual Reality Exposure Therapy,PT_Regenerative Medicine Approaches,PT_Selective Serotonin Reuptake Inhibitors,PT_Voxel-based Lesion-Symptom Mapping
RMD_Selective Mutism,PT_Antidepressants,PT_Privacy-Preserving AI in Digital Mental Health,PT_Digital Health Tools,PT_Brain-Computer Interface,PT_Cognitive Enhancement Programs,PT_Genetic Testing,PT_Trauma-Focused CBT,PT_Benzodiazepines,PT_Stem Cell Therapy for Neurological Disorders,PT_Animal-Assisted Interventions,PT_Psychophysiological Metrics for Treatment Response,PT_Behavioral Activation Therapy,PT_Resting-state Functional Magnetic Resonance Imaging,PT_Neuromodulation Techniques,PT_Neurofeedback Systems,PT_Creative Arts Therapies,PT_Digital Imaging Technologies for Brain Scanning,PT_Traditional & Alternative Medicine Approaches,PT_Cognitive Technologies,PT_Exposure Therapy,PT_Mood Stabilizers,PT_Expressive Writing & Journaling,PT_Psychoeducation Programs,PT_Dietary Interventions & Supplements,PT_Biofeedback Devices,PT_Mindfulness-Based Stress Reduction,PT_Meditation and Relaxation Techniques,PT_Peer Support Programs & Online Communities,PT_Electroencephalography,PT_Neurocognitive Training,PT_Antipsychotic Medications,PT_Personalized Medicine,PT_Virtual Reality Exposure Therapy
RMD_Stendhal,PT_Psychoeducation Programs,PT_Benzodiazepines,PT_Antipsychotic Medications,PT_Privacy-Preserving AI in Digital Mental Health,PT_Neurofeedback Systems,PT_Neuromodulation Techniques,PT_Antidepressants,PT_Traditional & Alternative Medicine Approaches,PT_Animal-Assisted Interventions,PT_Creative Arts Therapies,PT_Resting-state Functional Magnetic Resonance Imaging,PT_Digital Health Tools,PT_Brain-Computer Interface,PT_Expressive Writing & Journaling,PT_Stem Cell Therapy for Neurological Disorders,PT_Psychophysiological Metrics for Treatment Response,PT_Cognitive Technologies,PT_Genetic Testing,PT_Exposure Therapy,PT_Metaverse,PT_Biofeedback Devices,PT_Cognitive Enhancement Programs,PT_Behavioral Activation Therapy,PT_Peer Support Programs & Online Communities,PT_Meditation and Relaxation Techniques,PT_Trauma-Focused CBT,PT_Digital Imaging Technologies for Brain Scanning,PT_Mindfulness-Based Stress Reduction,PT_Neurocognitive Training,PT_Dietary Interventions & Supplements,PT_Electroencephalography,PT_Personalized Medicine,PT_Mood Stabilizers,PT_Virtual Reality Exposure Therapy,PT_Regenerative Medicine Approaches,PT_Neuroprotective Agents
RMD_Walking Corpse,PT_Exposure Therapy,PT_Meditation and Relaxation Techniques,PT_Benzodiazepines,PT_Trauma-Focused CBT,PT_Animal-Assisted Interventions,PT_Traditional & Alternative Medicine Approaches,PT_Neuromodulation Techniques,PT_Creative Arts Therapies,PT_Behavioral Activation Therapy,PT_Digital Health Tools,PT_Resting-state Functional Magnetic Resonance Imaging,PT_Neurocognitive Training,PT_Neurofeedback Systems,PT_Stem Cell Therapy for Neurological Disorders,PT_Genetic Testing,PT_Biofeedback Devices,PT_Expressive Writing & Journaling,PT_Metaverse,PT_Antipsychotic Medications,PT_Antidepressants,PT_Psychoeducation Programs,PT_Personalized Medicine,PT_Virtual Reality Exposure Therapy,PT_Mindfulness-Based Stress Reduction,PT_Cognitive Technologies,PT_Dietary Interventions & Supplements,PT_Privacy-Preserving AI in Digital Mental Health,PT_Brain Stimulation Technologies,PT_Neuroprotective Agents,PT_Digital Imaging Technologies for Brain Scanning,PT_Psychophysiological Metrics for Treatment Response,PT_Eye Movement Desensitization and Reprocessing,PT_Voxel-based Lesion-Symptom Mapping,PT_Electroencephalography,PT_Cognitive Enhancement Programs,PT_Regenerative Medicine Approaches,PT_Peer Support Programs & Online Communities
RMD_koro,PT_Mindfulness-Based Stress Reduction,PT_Resting-state Functional Magnetic Resonance Imaging,PT_Animal-Assisted Interventions,PT_Privacy-Preserving AI in Digital Mental Health,PT_Genetic Testing,PT_Dietary Interventions & Supplements,PT_Cognitive Enhancement Programs,PT_Digital Health Tools,PT_Personalized Medicine,PT_Psychophysiological Metrics for Treatment Response,PT_Cognitive Technologies,PT_Psychoeducation Programs,PT_Biofeedback Devices,PT_Neuromodulation Techniques,PT_Stem Cell Therapy for Neurological Disorders,PT_Digital Imaging Technologies for Brain Scanning,PT_Antidepressants,PT_Voxel-based Lesion-Symptom Mapping,PT_Trauma-Focused CBT,PT_Neurocognitive Training,PT_Creative Arts Therapies,PT_Benzodiazepines,PT_Traditional & Alternative Medicine Approaches,PT_Meditation and Relaxation Techniques,PT_Regenerative Medicine Approaches,PT_Expressive Writing & Journaling,PT_Exposure Therapy,PT_Neurofeedback Systems,PT_Virtual Reality Exposure Therapy,PT_Eye Movement Desensitization and Reprocessing,PT_Neuroprotective Agents,PT_Selective Serotonin Reuptake Inhibitors,PT_Peer Support Programs & Online Communities,PT_Cognitive Behavioral Therapy,PT_Brain Stimulation Technologies,PT_Behavioral Activation Therapy,PT_Electroencephalography,PT_Metaverse
